{
    "train_rew_mean": -8.956031728128,
    "train_rew_std": 4.269205278720118,
    "train_RMSE_mean": 1.7712604427001843,
    "train_RMSE_std": 0.22192217479382162,
    "test_rew_mean": -10.319770364111692,
    "test_rew_std": 3.510717580373936,
    "test_RMSE_mean": 1.8524480480488936,
    "test_RMSE_std": 0.16287565380589422
}