{
    "train_rew_mean": -0.649535435189347,
    "train_rew_std": 1.1273227438924072,
    "train_RMSE_mean": 0.7568653824542053,
    "train_RMSE_std": 0.45466046213284866,
    "test_rew_mean": -0.15203871523061982,
    "test_rew_std": 0.26973461937122145,
    "test_RMSE_mean": 0.6531507941861995,
    "test_RMSE_std": 0.3481321104417082
}