{
    "train_rew_mean": 1.1474704608932584,
    "train_rew_std": 1.2470943231220928,
    "train_RMSE_mean": -0.05626624985934371,
    "train_RMSE_std": 0.31950607839709516,
    "test_rew_mean": 0.9676502504021908,
    "test_rew_std": 0.8234353428505651,
    "test_RMSE_mean": -0.04953187075693566,
    "test_RMSE_std": 0.25612902731026743
}