{
    "train_rew_mean": -0.018415284496633714,
    "train_rew_std": 0.16226087755266144,
    "train_RMSE_mean": 0.4964154937962899,
    "train_RMSE_std": 0.2973819509684897,
    "test_rew_mean": -0.04688969038136689,
    "test_rew_std": 0.15518670644907684,
    "test_RMSE_mean": 0.6227100923128199,
    "test_RMSE_std": 0.2855204606984126
}