{
    "train_rew_mean": -0.15715685759836037,
    "train_rew_std": 0.22649273894667857,
    "train_RMSE_mean": 0.7517241565307926,
    "train_RMSE_std": 0.29454423064347657,
    "test_rew_mean": -0.1889757421435861,
    "test_rew_std": 0.26207625252541455,
    "test_RMSE_mean": 0.7580643711021697,
    "test_RMSE_std": 0.30288289620133446
}