{
    "train_rew_mean": -3.264051963673881,
    "train_rew_std": 2.7283335284300256,
    "train_RMSE_mean": 1.3702154306723509,
    "train_RMSE_std": 0.24315968935243357,
    "test_rew_mean": -3.28610176409745,
    "test_rew_std": 3.2843904534358725,
    "test_RMSE_mean": 1.352342147533527,
    "test_RMSE_std": 0.27750859900524627
}