{
    "train_rew_mean": -10.00688906608293,
    "train_rew_std": 8.263766053069617,
    "train_RMSE_mean": 1.7172400327811925,
    "train_RMSE_std": 0.44282475122683934,
    "test_rew_mean": -9.447340251915067,
    "test_rew_std": 5.916991277420346,
    "test_RMSE_mean": 1.7467183962722181,
    "test_RMSE_std": 0.3482567558346747
}