{
    "train_rew_mean": -4.358651917998985,
    "train_rew_std": 2.3424753633098208,
    "train_RMSE_mean": -4.358651917998985,
    "train_RMSE_std": 2.3424753633098208,
    "test_rew_mean": -5.186672032118,
    "test_rew_std": 1.9306826478184684,
    "test_RMSE_mean": -5.186672032118,
    "test_RMSE_std": 1.9306826478184684
}