{
    "train_rew_mean": 0.4242961819320514,
    "train_rew_std": 0.06559846623196505,
    "train_RMSE_mean": 0.4242961819320514,
    "train_RMSE_std": 0.06559846623196505,
    "test_rew_mean": 0.35912402898808665,
    "test_rew_std": 0.027080787693703177,
    "test_RMSE_mean": 0.35912402898808665,
    "test_RMSE_std": 0.027080787693703177
}