{
    "train_rew_mean": -1.8899855905682492,
    "train_rew_std": 1.0419125346825187,
    "train_RMSE_mean": -1.8899855905682492,
    "train_RMSE_std": 1.0419125346825187,
    "test_rew_mean": -1.3118148337341584,
    "test_rew_std": 0.5464240535246239,
    "test_RMSE_mean": -1.3118148337341584,
    "test_RMSE_std": 0.5464240535246239
}