{
    "train_rew_mean": 0.6179480351336617,
    "train_rew_std": 0.04698717737473095,
    "train_RMSE_mean": 0.6179480351336617,
    "train_RMSE_std": 0.04698717737473095,
    "test_rew_mean": -0.8843578560687186,
    "test_rew_std": 1.1042786817367856,
    "test_RMSE_mean": -0.8843578560687186,
    "test_RMSE_std": 1.1042786817367856
}