{
    "train_rew_mean": 0.5796073451496988,
    "train_rew_std": 0.2285638938286744,
    "train_RMSE_mean": 0.04410100225546541,
    "train_RMSE_std": 0.008012425460274291,
    "test_rew_mean": 0.4740621678671896,
    "test_rew_std": 0.18588493382655996,
    "test_RMSE_mean": 0.05692426820387235,
    "test_RMSE_std": 0.005753692483913087
}