{
    "train_rew_mean": 0.6933483608143527,
    "train_rew_std": 0.05881147234277341,
    "train_RMSE_mean": 0.043256025284204434,
    "train_RMSE_std": 0.005532701951771235,
    "test_rew_mean": 0.6432923638737631,
    "test_rew_std": 0.06745185555393483,
    "test_RMSE_mean": 0.05735953555162922,
    "test_RMSE_std": 0.006962682184872502
}