{
    "train_rew_mean": 0.5124028721764768,
    "train_rew_std": 0.17111463380862624,
    "train_RMSE_mean": 0.051499031389440356,
    "train_RMSE_std": 0.005056687428845763,
    "test_rew_mean": -0.9211709526333441,
    "test_rew_std": 1.035229852313823,
    "test_RMSE_mean": 0.04176092241196468,
    "test_RMSE_std": 0.012947074908625712
}