{
    "train_rew_mean": -0.082739658869026,
    "train_rew_std": 0.2898556918058051,
    "train_RMSE_mean": -0.082739658869026,
    "train_RMSE_std": 0.2898556918058051,
    "test_rew_mean": -4.745715914121014,
    "test_rew_std": 0.9734443499476625,
    "test_RMSE_mean": -4.745715914121014,
    "test_RMSE_std": 0.9734443499476625
}