{
    "train_rew_mean": 0.519635327276681,
    "train_rew_std": 0.10409590627856186,
    "train_RMSE_mean": 0.10867211640986059,
    "train_RMSE_std": 0.029184837355802927,
    "test_rew_mean": -2.3389716711019717,
    "test_rew_std": 3.126689859357496,
    "test_RMSE_mean": 0.22723330380576218,
    "test_RMSE_std": 0.12733910067285875
}