{
    "train_rew_mean": -7.349699319180475,
    "train_rew_std": 2.884615826396691,
    "train_RMSE_mean": 1.6970646251282446,
    "train_RMSE_std": 0.1895587159206114,
    "test_rew_mean": -6.744984582453192,
    "test_rew_std": 3.43056681189291,
    "test_RMSE_mean": 1.6531284120404734,
    "test_RMSE_std": 0.21195589596588965
}