{
    "train_rew_mean": -12.212962080412472,
    "train_rew_std": 0.27551239875000916,
    "train_RMSE_mean": -12.212962080412472,
    "train_RMSE_std": 0.27551239875000916,
    "test_rew_mean": -12.086783199746586,
    "test_rew_std": 0.549218144331694,
    "test_RMSE_mean": -12.086783199746586,
    "test_RMSE_std": 0.549218144331694
}