{
    "train_rew_mean": -2.657755528229779,
    "train_rew_std": 0.12347463688566916,
    "train_RMSE_mean": -2.657755528229779,
    "train_RMSE_std": 0.12347463688566916,
    "test_rew_mean": -2.945089482481591,
    "test_rew_std": 0.0917790757313759,
    "test_RMSE_mean": -2.945089482481591,
    "test_RMSE_std": 0.0917790757313759
}