{
    "train_rew_mean": -2.5648185235658105,
    "train_rew_std": 0.15885130099789543,
    "train_RMSE_mean": -2.5648185235658105,
    "train_RMSE_std": 0.15885130099789543,
    "test_rew_mean": -3.077340370841868,
    "test_rew_std": 0.08871036897905457,
    "test_RMSE_mean": -3.077340370841868,
    "test_RMSE_std": 0.08871036897905457
}