{
    "train_rew_mean": -2.328197901670541,
    "train_rew_std": 0.38066129475835286,
    "train_RMSE_mean": -2.328197901670541,
    "train_RMSE_std": 0.38066129475835286,
    "test_rew_mean": -1.406602803234041,
    "test_rew_std": 0.572452006391025,
    "test_RMSE_mean": -1.406602803234041,
    "test_RMSE_std": 0.572452006391025
}