{
    "train_rew_mean": -0.0038355169730718715,
    "train_rew_std": 0.012357457070005955,
    "train_RMSE_mean": -0.0038355169730718715,
    "train_RMSE_std": 0.012357457070005955,
    "test_rew_mean": -0.014712931700238565,
    "test_rew_std": 0.010493210725794268,
    "test_RMSE_mean": -0.014712931700238565,
    "test_RMSE_std": 0.010493210725794268
}