{
    "train_rew_mean": -0.4660289732477293,
    "train_rew_std": 0.2483940767620883,
    "train_RMSE_mean": 0.36180459742686333,
    "train_RMSE_std": 0.05928847358465047,
    "test_rew_mean": -0.5878078183856528,
    "test_rew_std": 0.21359897058855187,
    "test_RMSE_mean": 0.4033431216039175,
    "test_RMSE_std": 0.09176590874884968
}