{
    "train_rew_mean": 0.22877770625456373,
    "train_rew_std": 0.14854328456596166,
    "train_RMSE_mean": 0.22877770625456373,
    "train_RMSE_std": 0.14854328456596166,
    "test_rew_mean": 0.16384858939547753,
    "test_rew_std": 0.3115945402073684,
    "test_RMSE_mean": 0.16384858939547753,
    "test_RMSE_std": 0.3115945402073684
}