{
    "train_rew_mean": -0.41574624988233505,
    "train_rew_std": 0.1770683747050662,
    "train_RMSE_mean": -0.41574624988233505,
    "train_RMSE_std": 0.1770683747050662,
    "test_rew_mean": -0.7558746338141986,
    "test_rew_std": 0.20381601562071727,
    "test_RMSE_mean": -0.7558746338141986,
    "test_RMSE_std": 0.20381601562071727
}