{
    "train_rew_mean": 0.05567512588816266,
    "train_rew_std": 0.010715013185818073,
    "train_RMSE_mean": 0.05567512588816266,
    "train_RMSE_std": 0.010715013185818073,
    "test_rew_mean": 0.022171271654781593,
    "test_rew_std": 0.007237737904952304,
    "test_RMSE_mean": 0.022171271654781593,
    "test_RMSE_std": 0.007237737904952304
}