{
    "train_rew_mean": -33.13868628341764,
    "train_rew_std": 24.028097859253503,
    "train_RMSE_mean": 1.1114336935860698,
    "train_RMSE_std": 0.5596105338759593,
    "test_rew_mean": -3.48553186294889,
    "test_rew_std": 1.6208866822497083,
    "test_RMSE_mean": 0.6532957306575952,
    "test_RMSE_std": 0.183907426718488
}