{
    "train_rew_mean": -0.09168727832227788,
    "train_rew_std": 0.14873613521306644,
    "train_RMSE_mean": -0.09168727832227788,
    "train_RMSE_std": 0.14873613521306644,
    "test_rew_mean": 0.049903846095878224,
    "test_rew_std": 0.019255162663627028,
    "test_RMSE_mean": 0.049903846095878224,
    "test_RMSE_std": 0.019255162663627028
}