{
    "train_rew_mean": -1.7873947846515517,
    "train_rew_std": 0.6900579989262188,
    "train_RMSE_mean": 0.6122283985162118,
    "train_RMSE_std": 0.0605526242118766,
    "test_rew_mean": -0.7552041391632909,
    "test_rew_std": 0.27481419228507725,
    "test_RMSE_mean": 0.4743571979493465,
    "test_RMSE_std": 0.0615435163936401
}