{
    "train_rew_mean": -0.30763849530627463,
    "train_rew_std": 0.47110512573821967,
    "train_RMSE_mean": -0.30763849530627463,
    "train_RMSE_std": 0.47110512573821967,
    "test_rew_mean": -2.819174753561454,
    "test_rew_std": 3.385348987968115,
    "test_RMSE_mean": -2.819174753561454,
    "test_RMSE_std": 3.385348987968115
}