{
    "train_rew_mean": 0.0023545606933684246,
    "train_rew_std": 0.0029092462844186977,
    "train_RMSE_mean": 0.0023545606933684246,
    "train_RMSE_std": 0.0029092462844186977,
    "test_rew_mean": 0.00294582899810134,
    "test_rew_std": 0.009730075436552929,
    "test_RMSE_mean": 0.00294582899810134,
    "test_RMSE_std": 0.009730075436552929
}