{
    "train_rew_mean": -29.89316914503224,
    "train_rew_std": 19.127942536690746,
    "train_RMSE_mean": 0.928623495281353,
    "train_RMSE_std": 0.30930678191377037,
    "test_rew_mean": -10.508035630933225,
    "test_rew_std": 7.160066612090173,
    "test_RMSE_mean": 0.6605485253887726,
    "test_RMSE_std": 0.09579106639052412
}