{
    "train_rew_mean": -3.281545941206339,
    "train_rew_std": 1.6828343813738296,
    "train_RMSE_mean": 1.4090524868063967,
    "train_RMSE_std": 0.15807262099895314,
    "test_rew_mean": -3.702169227685232,
    "test_rew_std": 1.9537437106939584,
    "test_RMSE_mean": 1.4379013823909692,
    "test_RMSE_std": 0.19274058634808336
}