{
    "train_rew_mean": -0.025707178517057838,
    "train_rew_std": 0.18378760502203453,
    "train_RMSE_mean": 0.4977535848612445,
    "train_RMSE_std": 0.31253005072119505,
    "test_rew_mean": 0.06731313494041498,
    "test_rew_std": 0.15036698285963448,
    "test_RMSE_mean": 0.39189417462212495,
    "test_RMSE_std": 0.28612528536405946
}