{
    "train_rew_mean": -0.08260131402611168,
    "train_rew_std": 0.2141585822345804,
    "train_RMSE_mean": -0.08260131402611168,
    "train_RMSE_std": 0.2141585822345804,
    "test_rew_mean": 0.07879818162619495,
    "test_rew_std": 0.04920985516733478,
    "test_RMSE_mean": 0.07879818162619495,
    "test_RMSE_std": 0.04920985516733478
}