{
    "train_rew_mean": -9.443361855911288,
    "train_rew_std": 9.162501452574961,
    "train_RMSE_mean": 1.4857557918495672,
    "train_RMSE_std": 0.8043482270559704,
    "test_rew_mean": -3.8481653620939666,
    "test_rew_std": 7.850000677294668,
    "test_RMSE_mean": 0.8023859326962945,
    "test_RMSE_std": 1.041560584189074
}