{
    "train_rew_mean": -6.038803927554688,
    "train_rew_std": 3.1588327776574245,
    "train_RMSE_mean": 1.6125782441492151,
    "train_RMSE_std": 0.19786875811330398,
    "test_rew_mean": -6.153232769988324,
    "test_rew_std": 3.1786305744611356,
    "test_RMSE_mean": 1.6202130097316487,
    "test_RMSE_std": 0.19746007966429507
}