{
    "train_rew_mean": -17.859482529987314,
    "train_rew_std": 11.883695783678533,
    "train_RMSE_mean": 2.0483215430480497,
    "train_RMSE_std": 0.40794534278030364,
    "test_rew_mean": -13.692045843475682,
    "test_rew_std": 8.571496703290872,
    "test_RMSE_mean": 1.9314195241805394,
    "test_RMSE_std": 0.34103534315934064
}