{
    "train_rew_mean": -5.369607473174039,
    "train_rew_std": 1.8029053390288003,
    "train_RMSE_mean": -5.369607473174039,
    "train_RMSE_std": 1.8029053390288003,
    "test_rew_mean": -4.2441499864295995,
    "test_rew_std": 0.6978176777481512,
    "test_RMSE_mean": -4.2441499864295995,
    "test_RMSE_std": 0.6978176777481512
}