{
    "train_rew_mean": -2.2215263793935858,
    "train_rew_std": 0.8120231592773415,
    "train_RMSE_mean": -2.2215263793935858,
    "train_RMSE_std": 0.8120231592773415,
    "test_rew_mean": -4.150357171434758,
    "test_rew_std": 2.455313786524154,
    "test_RMSE_mean": -4.150357171434758,
    "test_RMSE_std": 2.455313786524154
}