{
    "train_rew_mean": -285.4546500372222,
    "train_rew_std": 8.910945066987868,
    "train_RMSE_mean": -285.4546500372222,
    "train_RMSE_std": 8.910945066987868,
    "test_rew_mean": -306.99089019901714,
    "test_rew_std": 16.639075755677617,
    "test_RMSE_mean": -306.99089019901714,
    "test_RMSE_std": 16.639075755677617
}