{
    "train_rew_mean": -108.13770271356216,
    "train_rew_std": 6.387161298985688,
    "train_RMSE_mean": -108.13770271356216,
    "train_RMSE_std": 6.387161298985688,
    "test_rew_mean": -151.15841109930017,
    "test_rew_std": 11.26474816929717,
    "test_RMSE_mean": -151.15841109930017,
    "test_RMSE_std": 11.26474816929717
}