{
    "train_rew_mean": -408.7983374753397,
    "train_rew_std": 14.885758056346546,
    "train_RMSE_mean": -408.7983374753397,
    "train_RMSE_std": 14.885758056346546,
    "test_rew_mean": -435.6509067249006,
    "test_rew_std": 14.485757892253627,
    "test_RMSE_mean": -435.6509067249006,
    "test_RMSE_std": 14.485757892253627
}