{
    "train_rew_mean": -0.4492116983300332,
    "train_rew_std": 1.3615522264888886,
    "train_RMSE_mean": -0.4492116983300332,
    "train_RMSE_std": 1.3615522264888886,
    "test_rew_mean": -33.17097011722998,
    "test_rew_std": 13.377518242773299,
    "test_RMSE_mean": -33.17097011722998,
    "test_RMSE_std": 13.377518242773299
}