{
    "train_rew_mean": -0.9116566444969922,
    "train_rew_std": 0.5362424808031281,
    "train_RMSE_mean": -0.9116566444969922,
    "train_RMSE_std": 0.5362424808031281,
    "test_rew_mean": -2.9559038801868205,
    "test_rew_std": 0.9685933100406566,
    "test_RMSE_mean": -2.9559038801868205,
    "test_RMSE_std": 0.9685933100406566
}