{
    "train_rew_mean": -0.8009206454174848,
    "train_rew_std": 0.43397549826628057,
    "train_RMSE_mean": 1.0609086381192843,
    "train_RMSE_std": 0.12149298356289877,
    "test_rew_mean": -0.764990506658074,
    "test_rew_std": 0.31999850892748977,
    "test_RMSE_mean": 1.066115099160554,
    "test_RMSE_std": 0.0757018355395709
}