{
    "train_rew_mean": -0.660801466925514,
    "train_rew_std": 1.0001012535237923,
    "train_RMSE_mean": 0.8750241029098664,
    "train_RMSE_std": 0.3510208905985134,
    "test_rew_mean": -0.5023573737018177,
    "test_rew_std": 0.5581023298001415,
    "test_RMSE_mean": 0.8536969697544616,
    "test_RMSE_std": 0.39391467313749984
}