{
    "train_rew_mean": 0.009649931933139459,
    "train_rew_std": 0.03629137230297381,
    "train_RMSE_mean": 0.41143048314907527,
    "train_RMSE_std": 0.019954382163667947,
    "test_rew_mean": -0.31052635720615407,
    "test_rew_std": 0.3203450517661568,
    "test_RMSE_mean": 0.5437433664569686,
    "test_RMSE_std": 0.18787269317372535
}