{
    "train_rew_mean": -100.25804754796427,
    "train_rew_std": 3.802615501448462,
    "train_RMSE_mean": -100.25804754796427,
    "train_RMSE_std": 3.802615501448462,
    "test_rew_mean": -99.88803429354041,
    "test_rew_std": 4.296428012576334,
    "test_RMSE_mean": -99.88803429354041,
    "test_RMSE_std": 4.296428012576334
}