{
    "train_rew_mean": -404.24764754335047,
    "train_rew_std": 0.579995729240161,
    "train_RMSE_mean": -404.24764754335047,
    "train_RMSE_std": 0.579995729240161,
    "test_rew_mean": -368.65386039827484,
    "test_rew_std": 5.190813670365056,
    "test_RMSE_mean": -368.65386039827484,
    "test_RMSE_std": 5.190813670365056
}