{
    "train_rew_mean": -0.2584328734358651,
    "train_rew_std": 0.12648345342945877,
    "train_RMSE_mean": 0.4466407784641273,
    "train_RMSE_std": 0.01994789589320891,
    "test_rew_mean": -0.16949079328594543,
    "test_rew_std": 0.13630887640069034,
    "test_RMSE_mean": 0.37499490136846625,
    "test_RMSE_std": 0.028593194859499193
}