{
    "train_rew_mean": -3154.281006933761,
    "train_rew_std": 133.8099917454433,
    "train_RMSE_mean": -3154.281006933761,
    "train_RMSE_std": 133.8099917454433,
    "test_rew_mean": -3380.3401604708843,
    "test_rew_std": 91.53027103065497,
    "test_RMSE_mean": -3380.3401604708843,
    "test_RMSE_std": 91.53027103065497
}