{
    "train_rew_mean": 0.16310312807998098,
    "train_rew_std": 0.07013803029938921,
    "train_RMSE_mean": 0.26517322817947686,
    "train_RMSE_std": 0.034990281539136886,
    "test_rew_mean": -0.3845361637278325,
    "test_rew_std": 0.21360252650012437,
    "test_RMSE_mean": 0.34110857161091623,
    "test_RMSE_std": 0.03460043468966761
}