{
    "train_rew_mean": -76.88341116735964,
    "train_rew_std": 3.6124527543962293,
    "train_RMSE_mean": -76.88341116735964,
    "train_RMSE_std": 3.6124527543962293,
    "test_rew_mean": -85.51562701457453,
    "test_rew_std": 3.6975753813738454,
    "test_RMSE_mean": -85.51562701457453,
    "test_RMSE_std": 3.6975753813738454
}