{
    "train_rew_mean": -1660.7543208714492,
    "train_rew_std": 20.112353063522747,
    "train_RMSE_mean": -1660.7543208714492,
    "train_RMSE_std": 20.112353063522747,
    "test_rew_mean": -1767.9489302976738,
    "test_rew_std": 39.989441263868095,
    "test_RMSE_mean": -1767.9489302976738,
    "test_RMSE_std": 39.989441263868095
}