{
    "train_rew_mean": -0.3567696169627908,
    "train_rew_std": 0.1826640884403138,
    "train_RMSE_mean": 0.5752441959091421,
    "train_RMSE_std": 0.12408159818095459,
    "test_rew_mean": 0.13620938854037823,
    "test_rew_std": 0.1590186143523372,
    "test_RMSE_mean": 0.2981580070140945,
    "test_RMSE_std": 0.07375838514392868
}