{
    "train_rew_mean": -2706.0559958017416,
    "train_rew_std": 31.01097104502229,
    "train_RMSE_mean": -2706.0559958017416,
    "train_RMSE_std": 31.01097104502229,
    "test_rew_mean": -3038.5175175198883,
    "test_rew_std": 22.58415316233516,
    "test_RMSE_mean": -3038.5175175198883,
    "test_RMSE_std": 22.58415316233516
}