{
    "train_rew_mean": -0.4155348666877453,
    "train_rew_std": 0.09926394014326442,
    "train_RMSE_mean": 0.5501723107555608,
    "train_RMSE_std": 0.00889393017480127,
    "test_rew_mean": -0.5269570935066319,
    "test_rew_std": 0.19828047617043004,
    "test_RMSE_mean": 0.5912956217636529,
    "test_RMSE_std": 0.026852827436093057
}