{
    "train_rew_mean": -0.9133301087196903,
    "train_rew_std": 1.1782615807453605,
    "train_RMSE_mean": 0.8855821182067016,
    "train_RMSE_std": 0.5181796722047162,
    "test_rew_mean": -0.6238542685156941,
    "test_rew_std": 1.0155730792516668,
    "test_RMSE_mean": 0.791744386525936,
    "test_RMSE_std": 0.5634423924881161
}