{
    "train_rew_mean": -29.94191340317642,
    "train_rew_std": 15.011783158503416,
    "train_RMSE_mean": 2.372117961490168,
    "train_RMSE_std": 0.42217383269669717,
    "test_rew_mean": -31.07246877887473,
    "test_rew_std": 13.504694172998947,
    "test_RMSE_mean": 2.426828282708877,
    "test_RMSE_std": 0.33341665412154586
}