{
    "train_rew_mean": -1.3912719399460982,
    "train_rew_std": 2.1165752136104325,
    "train_RMSE_mean": 0.8863677379516167,
    "train_RMSE_std": 0.6300614051694586,
    "test_rew_mean": -0.3263827495409532,
    "test_rew_std": 1.7459405070753717,
    "test_RMSE_mean": 0.6339400421230643,
    "test_RMSE_std": 0.6343973903883968
}