{
    "train_rew_mean": -2.4391753809155836,
    "train_rew_std": 1.8093121313010936,
    "train_RMSE_mean": 1.2501596329241473,
    "train_RMSE_std": 0.3144755377827425,
    "test_rew_mean": -2.569322112151757,
    "test_rew_std": 1.7201643676848863,
    "test_RMSE_mean": 1.2985389665736768,
    "test_RMSE_std": 0.24541776526131878
}