{
    "train_rew_mean": -0.5540558657311501,
    "train_rew_std": 0.5600292535122464,
    "train_RMSE_mean": 0.9430305719993655,
    "train_RMSE_std": 0.2162005911747671,
    "test_rew_mean": -0.4804039143522575,
    "test_rew_std": 0.5394926626266164,
    "test_RMSE_mean": 0.9260687009511521,
    "test_RMSE_std": 0.2056405311258491
}