{
    "train_rew_mean": -4.203280377786678,
    "train_rew_std": 3.5172141798440717,
    "train_RMSE_mean": 1.1911432121704728,
    "train_RMSE_std": 0.7644686642667857,
    "test_rew_mean": -4.7674034883947085,
    "test_rew_std": 5.233703945455168,
    "test_RMSE_mean": 1.1979143593475523,
    "test_RMSE_std": 0.7557486390194426
}