{
    "train_rew_mean": -5.831440055812325,
    "train_rew_std": 2.19819332284951,
    "train_RMSE_mean": 1.6152708658309298,
    "train_RMSE_std": 0.14560094421281197,
    "test_rew_mean": -5.242853145281728,
    "test_rew_std": 1.8327657106518145,
    "test_RMSE_mean": 1.5791186708128309,
    "test_RMSE_std": 0.1291621600515539
}