{
    "train_rew_mean": -0.04546944011677682,
    "train_rew_std": 0.02501592334346648,
    "train_RMSE_mean": -0.04546944011677682,
    "train_RMSE_std": 0.02501592334346648,
    "test_rew_mean": -0.010986781441137529,
    "test_rew_std": 0.01956713121429933,
    "test_RMSE_mean": -0.010986781441137529,
    "test_RMSE_std": 0.01956713121429933
}