{
    "train_rew_mean": -0.98554558396254,
    "train_rew_std": 0.023127327248695224,
    "train_RMSE_mean": -0.98554558396254,
    "train_RMSE_std": 0.023127327248695224,
    "test_rew_mean": -1.357049746300271,
    "test_rew_std": 0.09959722283612255,
    "test_RMSE_mean": -1.357049746300271,
    "test_RMSE_std": 0.09959722283612255
}