{
    "train_rew_mean": -3.854391734579367,
    "train_rew_std": 0.1513436658423525,
    "train_RMSE_mean": -3.854391734579367,
    "train_RMSE_std": 0.1513436658423525,
    "test_rew_mean": -4.909807536889735,
    "test_rew_std": 0.1834466201384602,
    "test_RMSE_mean": -4.909807536889735,
    "test_RMSE_std": 0.1834466201384602
}