{
    "train_rew_mean": -16.947161576190734,
    "train_rew_std": 10.913631150201686,
    "train_RMSE_mean": 2.027585623893068,
    "train_RMSE_std": 0.3868208738001234,
    "test_rew_mean": -10.738434956610138,
    "test_rew_std": 9.198239468698938,
    "test_RMSE_mean": 1.7423966544872633,
    "test_RMSE_std": 0.4634337511905048
}